,district,age,men,women
0,adm,0.0,853.0,787.0
1,adm,1.0,727.0,708.0
2,adm,2.0,795.0,2259.0
3,adm,3.0,883.0,862.0
4,adm,4.0,883.0,862.0
5,adm,5.0,883.0,862.0
6,adm,6.0,1017.0,948.0
7,adm,7.0,866.0,951.0
8,adm,8.0,790.0,747.0
9,adm,9.0,790.0,747.0
10,adm,10.0,790.0,747.0
11,adm,11.0,790.0,747.0
12,adm,12.0,790.0,747.0
13,adm,13.0,790.0,747.0
14,adm,14.0,611.0,539.0
15,adm,15.0,611.0,539.0
16,adm,16.0,605.0,571.0
17,adm,17.0,605.0,571.0
18,adm,18.0,758.0,644.0
19,adm,19.0,758.0,644.0
20,adm,20.0,682.0,655.0
21,adm,21.0,682.0,655.0
22,adm,22.0,682.0,655.0
23,adm,23.0,682.0,655.0
24,adm,24.0,682.0,655.0
25,adm,25.0,955.0,875.0
26,adm,26.0,955.0,875.0
27,adm,27.0,955.0,875.0
28,adm,28.0,955.0,875.0
29,adm,29.0,955.0,875.0
30,adm,30.0,2026.0,1638.0
31,adm,31.0,2026.0,1638.0
32,adm,32.0,2026.0,1638.0
33,adm,33.0,2026.0,1638.0
34,adm,34.0,2026.0,1638.0
35,adm,35.0,1423.0,1413.0
36,adm,36.0,1423.0,1413.0
37,adm,37.0,1423.0,1413.0
38,adm,38.0,1423.0,1413.0
39,adm,39.0,1423.0,1413.0
40,adm,40.0,1103.0,1212.0
41,adm,41.0,1103.0,1212.0
42,adm,42.0,1103.0,1212.0
43,adm,43.0,1103.0,1212.0
44,adm,44.0,1103.0,1212.0
45,adm,45.0,951.0,1070.0
46,adm,46.0,951.0,1070.0
47,adm,47.0,951.0,1070.0
48,adm,48.0,951.0,1070.0
49,adm,49.0,951.0,1070.0
50,adm,50.0,890.0,1110.0
51,adm,51.0,890.0,1110.0
52,adm,52.0,890.0,1110.0
53,adm,53.0,890.0,1110.0
54,adm,54.0,890.0,1110.0
55,adm,55.0,816.0,1106.0
56,adm,56.0,816.0,1106.0
57,adm,57.0,816.0,1106.0
58,adm,58.0,816.0,1106.0
59,adm,59.0,816.0,1106.0
60,adm,60.0,793.0,1210.0
61,adm,61.0,793.0,1210.0
62,adm,62.0,793.0,1210.0
63,adm,63.0,793.0,1210.0
64,adm,64.0,793.0,1210.0
65,adm,65.0,570.0,1034.0
66,adm,66.0,570.0,1034.0
67,adm,67.0,570.0,1034.0
68,adm,68.0,570.0,1034.0
69,adm,69.0,570.0,1034.0
70,adm,70.0,2541.0,1066.0
71,adm,71.0,2541.0,1066.0
72,adm,72.0,0.0,1066.0
73,adm,73.0,0.0,1066.0
74,adm,74.0,0.0,1066.0
75,adm,75.0,0.0,1066.0
76,adm,76.0,0.0,1066.0
77,adm,77.0,0.0,1066.0
78,adm,78.0,0.0,1066.0
79,adm,79.0,0.0,1066.0
80,vas,0.0,829.0,818.0
81,vas,1.0,991.0,873.0
82,vas,2.0,900.0,2649.0
83,vas,3.0,1023.0,972.0
84,vas,4.0,1023.0,972.0
85,vas,5.0,1023.0,972.0
86,vas,6.0,1164.0,996.0
87,vas,7.0,1066.0,1027.0
88,vas,8.0,924.0,911.0
89,vas,9.0,924.0,911.0
90,vas,10.0,924.0,911.0
91,vas,11.0,924.0,911.0
92,vas,12.0,924.0,911.0
93,vas,13.0,924.0,911.0
94,vas,14.0,766.0,732.0
95,vas,15.0,766.0,732.0
96,vas,16.0,804.0,784.0
97,vas,17.0,804.0,784.0
98,vas,18.0,1176.0,1130.0
99,vas,19.0,1176.0,1130.0
100,vas,20.0,1063.0,989.0
101,vas,21.0,1063.0,989.0
102,vas,22.0,1063.0,989.0
103,vas,23.0,1063.0,989.0
104,vas,24.0,1063.0,989.0
105,vas,25.0,1060.0,1189.0
106,vas,26.0,1060.0,1189.0
107,vas,27.0,1060.0,1189.0
108,vas,28.0,1060.0,1189.0
109,vas,29.0,1060.0,1189.0
110,vas,30.0,2058.0,2073.0
111,vas,31.0,2058.0,2073.0
112,vas,32.0,2058.0,2073.0
113,vas,33.0,2058.0,2073.0
114,vas,34.0,2058.0,2073.0
115,vas,35.0,1713.0,1858.0
116,vas,36.0,1713.0,1858.0
117,vas,37.0,1713.0,1858.0
118,vas,38.0,1713.0,1858.0
119,vas,39.0,1713.0,1858.0
120,vas,40.0,1363.0,1515.0
121,vas,41.0,1363.0,1515.0
122,vas,42.0,1363.0,1515.0
123,vas,43.0,1363.0,1515.0
124,vas,44.0,1363.0,1515.0
125,vas,45.0,1192.0,1439.0
126,vas,46.0,1192.0,1439.0
127,vas,47.0,1192.0,1439.0
128,vas,48.0,1192.0,1439.0
129,vas,49.0,1192.0,1439.0
130,vas,50.0,1091.0,1326.0
131,vas,51.0,1091.0,1326.0
132,vas,52.0,1091.0,1326.0
133,vas,53.0,1091.0,1326.0
134,vas,54.0,1091.0,1326.0
135,vas,55.0,1106.0,1390.0
136,vas,56.0,1106.0,1390.0
137,vas,57.0,1106.0,1390.0
138,vas,58.0,1106.0,1390.0
139,vas,59.0,1106.0,1390.0
140,vas,60.0,1067.0,1630.0
141,vas,61.0,1067.0,1630.0
142,vas,62.0,1067.0,1630.0
143,vas,63.0,1067.0,1630.0
144,vas,64.0,1067.0,1630.0
145,vas,65.0,862.0,1532.0
146,vas,66.0,862.0,1532.0
147,vas,67.0,862.0,1532.0
148,vas,68.0,862.0,1532.0
149,vas,69.0,862.0,1532.0
150,vas,70.0,4382.0,1854.0
151,vas,71.0,4382.0,1854.0
152,vas,72.0,0.0,1854.0
153,vas,73.0,0.0,1854.0
154,vas,74.0,0.0,1854.0
155,vas,75.0,0.0,1854.0
156,vas,76.0,0.0,1854.0
157,vas,77.0,0.0,1854.0
158,vas,78.0,0.0,1854.0
159,vas,79.0,0.0,1854.0
160,vyb,0.0,2502.0,2293.0
161,vyb,1.0,2659.0,2529.0
162,vyb,2.0,2787.0,7351.0
163,vyb,3.0,3265.0,3100.0
164,vyb,4.0,3265.0,3100.0
165,vyb,5.0,3265.0,3100.0
166,vyb,6.0,3360.0,3232.0
167,vyb,7.0,3173.0,3072.0
168,vyb,8.0,2426.0,2294.0
169,vyb,9.0,2426.0,2294.0
170,vyb,10.0,2426.0,2294.0
171,vyb,11.0,2426.0,2294.0
172,vyb,12.0,2426.0,2294.0
173,vyb,13.0,2426.0,2294.0
174,vyb,14.0,1745.0,1649.0
175,vyb,15.0,1745.0,1649.0
176,vyb,16.0,1880.0,1840.0
177,vyb,17.0,1880.0,1840.0
178,vyb,18.0,2420.0,2665.0
179,vyb,19.0,2420.0,2665.0
180,vyb,20.0,2119.0,2422.0
181,vyb,21.0,2119.0,2422.0
182,vyb,22.0,2119.0,2422.0
183,vyb,23.0,2119.0,2422.0
184,vyb,24.0,2119.0,2422.0
185,vyb,25.0,2673.0,2962.0
186,vyb,26.0,2673.0,2962.0
187,vyb,27.0,2673.0,2962.0
188,vyb,28.0,2673.0,2962.0
189,vyb,29.0,2673.0,2962.0
190,vyb,30.0,5125.0,5054.0
191,vyb,31.0,5125.0,5054.0
192,vyb,32.0,5125.0,5054.0
193,vyb,33.0,5125.0,5054.0
194,vyb,34.0,5125.0,5054.0
195,vyb,35.0,4848.0,4868.0
196,vyb,36.0,4848.0,4868.0
197,vyb,37.0,4848.0,4868.0
198,vyb,38.0,4848.0,4868.0
199,vyb,39.0,4848.0,4868.0
200,vyb,40.0,4119.0,4274.0
201,vyb,41.0,4119.0,4274.0
202,vyb,42.0,4119.0,4274.0
203,vyb,43.0,4119.0,4274.0
204,vyb,44.0,4119.0,4274.0
205,vyb,45.0,3888.0,4206.0
206,vyb,46.0,3888.0,4206.0
207,vyb,47.0,3888.0,4206.0
208,vyb,48.0,3888.0,4206.0
209,vyb,49.0,3888.0,4206.0
210,vyb,50.0,3432.0,3617.0
211,vyb,51.0,3432.0,3617.0
212,vyb,52.0,3432.0,3617.0
213,vyb,53.0,3432.0,3617.0
214,vyb,54.0,3432.0,3617.0
215,vyb,55.0,2878.0,3421.0
216,vyb,56.0,2878.0,3421.0
217,vyb,57.0,2878.0,3421.0
218,vyb,58.0,2878.0,3421.0
219,vyb,59.0,2878.0,3421.0
220,vyb,60.0,2528.0,3643.0
221,vyb,61.0,2528.0,3643.0
222,vyb,62.0,2528.0,3643.0
223,vyb,63.0,2528.0,3643.0
224,vyb,64.0,2528.0,3643.0
225,vyb,65.0,2018.0,3533.0
226,vyb,66.0,2018.0,3533.0
227,vyb,67.0,2018.0,3533.0
228,vyb,68.0,2018.0,3533.0
229,vyb,69.0,2018.0,3533.0
230,vyb,70.0,11250.0,4756.0
231,vyb,71.0,11250.0,4756.0
232,vyb,72.0,0.0,4756.0
233,vyb,73.0,0.0,4756.0
234,vyb,74.0,0.0,4756.0
235,vyb,75.0,0.0,4756.0
236,vyb,76.0,0.0,4756.0
237,vyb,77.0,0.0,4756.0
238,vyb,78.0,0.0,4756.0
239,vyb,79.0,0.0,4756.0
240,kal,0.0,2207.0,2112.0
241,kal,1.0,2507.0,2277.0
242,kal,2.0,2428.0,6749.0
243,kal,3.0,2754.0,2657.0
244,kal,4.0,2754.0,2657.0
245,kal,5.0,2754.0,2657.0
246,kal,6.0,3072.0,2822.0
247,kal,7.0,2834.0,2557.0
248,kal,8.0,2423.0,2238.0
249,kal,9.0,2423.0,2238.0
250,kal,10.0,2423.0,2238.0
251,kal,11.0,2423.0,2238.0
252,kal,12.0,2423.0,2238.0
253,kal,13.0,2423.0,2238.0
254,kal,14.0,1938.0,1822.0
255,kal,15.0,1938.0,1822.0
256,kal,16.0,1981.0,1998.0
257,kal,17.0,1981.0,1998.0
258,kal,18.0,2011.0,2050.0
259,kal,19.0,2011.0,2050.0
260,kal,20.0,1890.0,2008.0
261,kal,21.0,1890.0,2008.0
262,kal,22.0,1890.0,2008.0
263,kal,23.0,1890.0,2008.0
264,kal,24.0,1890.0,2008.0
265,kal,25.0,2260.0,2430.0
266,kal,26.0,2260.0,2430.0
267,kal,27.0,2260.0,2430.0
268,kal,28.0,2260.0,2430.0
269,kal,29.0,2260.0,2430.0
270,kal,30.0,4610.0,4538.0
271,kal,31.0,4610.0,4538.0
272,kal,32.0,4610.0,4538.0
273,kal,33.0,4610.0,4538.0
274,kal,34.0,4610.0,4538.0
275,kal,35.0,4591.0,4814.0
276,kal,36.0,4591.0,4814.0
277,kal,37.0,4591.0,4814.0
278,kal,38.0,4591.0,4814.0
279,kal,39.0,4591.0,4814.0
280,kal,40.0,3945.0,4199.0
281,kal,41.0,3945.0,4199.0
282,kal,42.0,3945.0,4199.0
283,kal,43.0,3945.0,4199.0
284,kal,44.0,3945.0,4199.0
285,kal,45.0,3612.0,3962.0
286,kal,46.0,3612.0,3962.0
287,kal,47.0,3612.0,3962.0
288,kal,48.0,3612.0,3962.0
289,kal,49.0,3612.0,3962.0
290,kal,50.0,3359.0,3816.0
291,kal,51.0,3359.0,3816.0
292,kal,52.0,3359.0,3816.0
293,kal,53.0,3359.0,3816.0
294,kal,54.0,3359.0,3816.0
295,kal,55.0,3072.0,3772.0
296,kal,56.0,3072.0,3772.0
297,kal,57.0,3072.0,3772.0
298,kal,58.0,3072.0,3772.0
299,kal,59.0,3072.0,3772.0
300,kal,60.0,2794.0,3888.0
301,kal,61.0,2794.0,3888.0
302,kal,62.0,2794.0,3888.0
303,kal,63.0,2794.0,3888.0
304,kal,64.0,2794.0,3888.0
305,kal,65.0,1970.0,3400.0
306,kal,66.0,1970.0,3400.0
307,kal,67.0,1970.0,3400.0
308,kal,68.0,1970.0,3400.0
309,kal,69.0,1970.0,3400.0
310,kal,70.0,11042.0,5247.0
311,kal,71.0,11042.0,5247.0
312,kal,72.0,0.0,5247.0
313,kal,73.0,0.0,5247.0
314,kal,74.0,0.0,5247.0
315,kal,75.0,0.0,5247.0
316,kal,76.0,0.0,5247.0
317,kal,77.0,0.0,5247.0
318,kal,78.0,0.0,5247.0
319,kal,79.0,0.0,5247.0
320,krv,0.0,1536.0,1334.0
321,krv,1.0,1462.0,1472.0
322,krv,2.0,1668.0,4351.0
323,krv,3.0,1972.0,1870.0
324,krv,4.0,1972.0,1870.0
325,krv,5.0,1972.0,1870.0
326,krv,6.0,1986.0,1905.0
327,krv,7.0,2017.0,1891.0
328,krv,8.0,1512.0,1461.0
329,krv,9.0,1512.0,1461.0
330,krv,10.0,1512.0,1461.0
331,krv,11.0,1512.0,1461.0
332,krv,12.0,1512.0,1461.0
333,krv,13.0,1512.0,1461.0
334,krv,14.0,1269.0,1174.0
335,krv,15.0,1269.0,1174.0
336,krv,16.0,1241.0,1248.0
337,krv,17.0,1241.0,1248.0
338,krv,18.0,1726.0,1561.0
339,krv,19.0,1726.0,1561.0
340,krv,20.0,1594.0,1414.0
341,krv,21.0,1594.0,1414.0
342,krv,22.0,1594.0,1414.0
343,krv,23.0,1594.0,1414.0
344,krv,24.0,1594.0,1414.0
345,krv,25.0,1671.0,1667.0
346,krv,26.0,1671.0,1667.0
347,krv,27.0,1671.0,1667.0
348,krv,28.0,1671.0,1667.0
349,krv,29.0,1671.0,1667.0
350,krv,30.0,3003.0,3035.0
351,krv,31.0,3003.0,3035.0
352,krv,32.0,3003.0,3035.0
353,krv,33.0,3003.0,3035.0
354,krv,34.0,3003.0,3035.0
355,krv,35.0,2780.0,2847.0
356,krv,36.0,2780.0,2847.0
357,krv,37.0,2780.0,2847.0
358,krv,38.0,2780.0,2847.0
359,krv,39.0,2780.0,2847.0
360,krv,40.0,2221.0,2478.0
361,krv,41.0,2221.0,2478.0
362,krv,42.0,2221.0,2478.0
363,krv,43.0,2221.0,2478.0
364,krv,44.0,2221.0,2478.0
365,krv,45.0,2051.0,2365.0
366,krv,46.0,2051.0,2365.0
367,krv,47.0,2051.0,2365.0
368,krv,48.0,2051.0,2365.0
369,krv,49.0,2051.0,2365.0
370,krv,50.0,1910.0,2293.0
371,krv,51.0,1910.0,2293.0
372,krv,52.0,1910.0,2293.0
373,krv,53.0,1910.0,2293.0
374,krv,54.0,1910.0,2293.0
375,krv,55.0,1877.0,2448.0
376,krv,56.0,1877.0,2448.0
377,krv,57.0,1877.0,2448.0
378,krv,58.0,1877.0,2448.0
379,krv,59.0,1877.0,2448.0
380,krv,60.0,1801.0,2676.0
381,krv,61.0,1801.0,2676.0
382,krv,62.0,1801.0,2676.0
383,krv,63.0,1801.0,2676.0
384,krv,64.0,1801.0,2676.0
385,krv,65.0,1295.0,2393.0
386,krv,66.0,1295.0,2393.0
387,krv,67.0,1295.0,2393.0
388,krv,68.0,1295.0,2393.0
389,krv,69.0,1295.0,2393.0
390,krv,70.0,6504.0,3040.0
391,krv,71.0,6504.0,3040.0
392,krv,72.0,0.0,3040.0
393,krv,73.0,0.0,3040.0
394,krv,74.0,0.0,3040.0
395,krv,75.0,0.0,3040.0
396,krv,76.0,0.0,3040.0
397,krv,77.0,0.0,3040.0
398,krv,78.0,0.0,3040.0
399,krv,79.0,0.0,3040.0
400,klp,0.0,997.0,935.0
401,klp,1.0,1051.0,987.0
402,klp,2.0,1117.0,3074.0
403,klp,3.0,1383.0,1289.0
404,klp,4.0,1383.0,1289.0
405,klp,5.0,1383.0,1289.0
406,klp,6.0,1475.0,1452.0
407,klp,7.0,1481.0,1338.0
408,klp,8.0,1200.0,1171.0
409,klp,9.0,1200.0,1171.0
410,klp,10.0,1200.0,1171.0
411,klp,11.0,1200.0,1171.0
412,klp,12.0,1200.0,1171.0
413,klp,13.0,1200.0,1171.0
414,klp,14.0,912.0,838.0
415,klp,15.0,912.0,838.0
416,klp,16.0,910.0,872.0
417,klp,17.0,910.0,872.0
418,klp,18.0,818.0,833.0
419,klp,19.0,818.0,833.0
420,klp,20.0,742.0,743.0
421,klp,21.0,742.0,743.0
422,klp,22.0,742.0,743.0
423,klp,23.0,742.0,743.0
424,klp,24.0,742.0,743.0
425,klp,25.0,921.0,947.0
426,klp,26.0,921.0,947.0
427,klp,27.0,921.0,947.0
428,klp,28.0,921.0,947.0
429,klp,29.0,921.0,947.0
430,klp,30.0,1675.0,1577.0
431,klp,31.0,1675.0,1577.0
432,klp,32.0,1675.0,1577.0
433,klp,33.0,1675.0,1577.0
434,klp,34.0,1675.0,1577.0
435,klp,35.0,1987.0,1894.0
436,klp,36.0,1987.0,1894.0
437,klp,37.0,1987.0,1894.0
438,klp,38.0,1987.0,1894.0
439,klp,39.0,1987.0,1894.0
440,klp,40.0,1682.0,1633.0
441,klp,41.0,1682.0,1633.0
442,klp,42.0,1682.0,1633.0
443,klp,43.0,1682.0,1633.0
444,klp,44.0,1682.0,1633.0
445,klp,45.0,1355.0,1406.0
446,klp,46.0,1355.0,1406.0
447,klp,47.0,1355.0,1406.0
448,klp,48.0,1355.0,1406.0
449,klp,49.0,1355.0,1406.0
450,klp,50.0,1112.0,1213.0
451,klp,51.0,1112.0,1213.0
452,klp,52.0,1112.0,1213.0
453,klp,53.0,1112.0,1213.0
454,klp,54.0,1112.0,1213.0
455,klp,55.0,1104.0,1415.0
456,klp,56.0,1104.0,1415.0
457,klp,57.0,1104.0,1415.0
458,klp,58.0,1104.0,1415.0
459,klp,59.0,1104.0,1415.0
460,klp,60.0,1150.0,1739.0
461,klp,61.0,1150.0,1739.0
462,klp,62.0,1150.0,1739.0
463,klp,63.0,1150.0,1739.0
464,klp,64.0,1150.0,1739.0
465,klp,65.0,890.0,1565.0
466,klp,66.0,890.0,1565.0
467,klp,67.0,890.0,1565.0
468,klp,68.0,890.0,1565.0
469,klp,69.0,890.0,1565.0
470,klp,70.0,2708.0,1350.0
471,klp,71.0,2708.0,1350.0
472,klp,72.0,0.0,1350.0
473,klp,73.0,0.0,1350.0
474,klp,74.0,0.0,1350.0
475,klp,75.0,0.0,1350.0
476,klp,76.0,0.0,1350.0
477,klp,77.0,0.0,1350.0
478,klp,78.0,0.0,1350.0
479,klp,79.0,0.0,1350.0
480,krgv,0.0,1817.0,1837.0
481,krgv,1.0,2007.0,1872.0
482,krgv,2.0,2013.0,5572.0
483,krgv,3.0,2190.0,2106.0
484,krgv,4.0,2190.0,2106.0
485,krgv,5.0,2190.0,2106.0
486,krgv,6.0,2288.0,2162.0
487,krgv,7.0,2179.0,2105.0
488,krgv,8.0,1877.0,1748.0
489,krgv,9.0,1877.0,1748.0
490,krgv,10.0,1877.0,1748.0
491,krgv,11.0,1877.0,1748.0
492,krgv,12.0,1877.0,1748.0
493,krgv,13.0,1877.0,1748.0
494,krgv,14.0,1443.0,1368.0
495,krgv,15.0,1443.0,1368.0
496,krgv,16.0,1465.0,1406.0
497,krgv,17.0,1465.0,1406.0
498,krgv,18.0,1420.0,1704.0
499,krgv,19.0,1420.0,1704.0
500,krgv,20.0,1320.0,1551.0
501,krgv,21.0,1320.0,1551.0
502,krgv,22.0,1320.0,1551.0
503,krgv,23.0,1320.0,1551.0
504,krgv,24.0,1320.0,1551.0
505,krgv,25.0,1728.0,1855.0
506,krgv,26.0,1728.0,1855.0
507,krgv,27.0,1728.0,1855.0
508,krgv,28.0,1728.0,1855.0
509,krgv,29.0,1728.0,1855.0
510,krgv,30.0,2962.0,3258.0
511,krgv,31.0,2962.0,3258.0
512,krgv,32.0,2962.0,3258.0
513,krgv,33.0,2962.0,3258.0
514,krgv,34.0,2962.0,3258.0
515,krgv,35.0,3223.0,3496.0
516,krgv,36.0,3223.0,3496.0
517,krgv,37.0,3223.0,3496.0
518,krgv,38.0,3223.0,3496.0
519,krgv,39.0,3223.0,3496.0
520,krgv,40.0,2924.0,3174.0
521,krgv,41.0,2924.0,3174.0
522,krgv,42.0,2924.0,3174.0
523,krgv,43.0,2924.0,3174.0
524,krgv,44.0,2924.0,3174.0
525,krgv,45.0,2413.0,2652.0
526,krgv,46.0,2413.0,2652.0
527,krgv,47.0,2413.0,2652.0
528,krgv,48.0,2413.0,2652.0
529,krgv,49.0,2413.0,2652.0
530,krgv,50.0,1936.0,2298.0
531,krgv,51.0,1936.0,2298.0
532,krgv,52.0,1936.0,2298.0
533,krgv,53.0,1936.0,2298.0
534,krgv,54.0,1936.0,2298.0
535,krgv,55.0,1758.0,2335.0
536,krgv,56.0,1758.0,2335.0
537,krgv,57.0,1758.0,2335.0
538,krgv,58.0,1758.0,2335.0
539,krgv,59.0,1758.0,2335.0
540,krgv,60.0,1775.0,2875.0
541,krgv,61.0,1775.0,2875.0
542,krgv,62.0,1775.0,2875.0
543,krgv,63.0,1775.0,2875.0
544,krgv,64.0,1775.0,2875.0
545,krgv,65.0,1646.0,2979.0
546,krgv,66.0,1646.0,2979.0
547,krgv,67.0,1646.0,2979.0
548,krgv,68.0,1646.0,2979.0
549,krgv,69.0,1646.0,2979.0
550,krgv,70.0,6110.0,2958.0
551,krgv,71.0,6110.0,2958.0
552,krgv,72.0,0.0,2958.0
553,krgv,73.0,0.0,2958.0
554,krgv,74.0,0.0,2958.0
555,krgv,75.0,0.0,2958.0
556,krgv,76.0,0.0,2958.0
557,krgv,77.0,0.0,2958.0
558,krgv,78.0,0.0,2958.0
559,krgv,79.0,0.0,2958.0
560,krs,0.0,2545.0,2368.0
561,krs,1.0,2578.0,2376.0
562,krs,2.0,2630.0,7266.0
563,krs,3.0,3129.0,3014.0
564,krs,4.0,3129.0,3014.0
565,krs,5.0,3129.0,3014.0
566,krs,6.0,3346.0,3202.0
567,krs,7.0,3365.0,2918.0
568,krs,8.0,2503.0,2397.0
569,krs,9.0,2503.0,2397.0
570,krs,10.0,2503.0,2397.0
571,krs,11.0,2503.0,2397.0
572,krs,12.0,2503.0,2397.0
573,krs,13.0,2503.0,2397.0
574,krs,14.0,1828.0,1796.0
575,krs,15.0,1828.0,1796.0
576,krs,16.0,1873.0,1848.0
577,krs,17.0,1873.0,1848.0
578,krs,18.0,1673.0,1859.0
579,krs,19.0,1673.0,1859.0
580,krs,20.0,1597.0,1742.0
581,krs,21.0,1597.0,1742.0
582,krs,22.0,1597.0,1742.0
583,krs,23.0,1597.0,1742.0
584,krs,24.0,1597.0,1742.0
585,krs,25.0,1939.0,2108.0
586,krs,26.0,1939.0,2108.0
587,krs,27.0,1939.0,2108.0
588,krs,28.0,1939.0,2108.0
589,krs,29.0,1939.0,2108.0
590,krs,30.0,3981.0,3731.0
591,krs,31.0,3981.0,3731.0
592,krs,32.0,3981.0,3731.0
593,krs,33.0,3981.0,3731.0
594,krs,34.0,3981.0,3731.0
595,krs,35.0,3848.0,4178.0
596,krs,36.0,3848.0,4178.0
597,krs,37.0,3848.0,4178.0
598,krs,38.0,3848.0,4178.0
599,krs,39.0,3848.0,4178.0
600,krs,40.0,3377.0,3642.0
601,krs,41.0,3377.0,3642.0
602,krs,42.0,3377.0,3642.0
603,krs,43.0,3377.0,3642.0
604,krs,44.0,3377.0,3642.0
605,krs,45.0,2858.0,3142.0
606,krs,46.0,2858.0,3142.0
607,krs,47.0,2858.0,3142.0
608,krs,48.0,2858.0,3142.0
609,krs,49.0,2858.0,3142.0
610,krs,50.0,2303.0,2624.0
611,krs,51.0,2303.0,2624.0
612,krs,52.0,2303.0,2624.0
613,krs,53.0,2303.0,2624.0
614,krs,54.0,2303.0,2624.0
615,krs,55.0,2049.0,2745.0
616,krs,56.0,2049.0,2745.0
617,krs,57.0,2049.0,2745.0
618,krs,58.0,2049.0,2745.0
619,krs,59.0,2049.0,2745.0
620,krs,60.0,2137.0,3306.0
621,krs,61.0,2137.0,3306.0
622,krs,62.0,2137.0,3306.0
623,krs,63.0,2137.0,3306.0
624,krs,64.0,2137.0,3306.0
625,krs,65.0,1705.0,3095.0
626,krs,66.0,1705.0,3095.0
627,krs,67.0,1705.0,3095.0
628,krs,68.0,1705.0,3095.0
629,krs,69.0,1705.0,3095.0
630,krs,70.0,6266.0,2928.0
631,krs,71.0,6266.0,2928.0
632,krs,72.0,0.0,2928.0
633,krs,73.0,0.0,2928.0
634,krs,74.0,0.0,2928.0
635,krs,75.0,0.0,2928.0
636,krs,76.0,0.0,2928.0
637,krs,77.0,0.0,2928.0
638,krs,78.0,0.0,2928.0
639,krs,79.0,0.0,2928.0
640,krns,0.0,233.0,175.0
641,krns,1.0,246.0,224.0
642,krns,2.0,229.0,675.0
643,krns,3.0,302.0,282.0
644,krns,4.0,302.0,282.0
645,krns,5.0,302.0,282.0
646,krns,6.0,351.0,270.0
647,krns,7.0,319.0,314.0
648,krns,8.0,269.0,254.0
649,krns,9.0,269.0,254.0
650,krns,10.0,269.0,254.0
651,krns,11.0,269.0,254.0
652,krns,12.0,269.0,254.0
653,krns,13.0,269.0,254.0
654,krns,14.0,208.0,188.0
655,krns,15.0,208.0,188.0
656,krns,16.0,202.0,204.0
657,krns,17.0,202.0,204.0
658,krns,18.0,174.0,174.0
659,krns,19.0,174.0,174.0
660,krns,20.0,207.0,157.0
661,krns,21.0,207.0,157.0
662,krns,22.0,207.0,157.0
663,krns,23.0,207.0,157.0
664,krns,24.0,207.0,157.0
665,krns,25.0,308.0,221.0
666,krns,26.0,308.0,221.0
667,krns,27.0,308.0,221.0
668,krns,28.0,308.0,221.0
669,krns,29.0,308.0,221.0
670,krns,30.0,505.0,352.0
671,krns,31.0,505.0,352.0
672,krns,32.0,505.0,352.0
673,krns,33.0,505.0,352.0
674,krns,34.0,505.0,352.0
675,krns,35.0,421.0,399.0
676,krns,36.0,421.0,399.0
677,krns,37.0,421.0,399.0
678,krns,38.0,421.0,399.0
679,krns,39.0,421.0,399.0
680,krns,40.0,313.0,323.0
681,krns,41.0,313.0,323.0
682,krns,42.0,313.0,323.0
683,krns,43.0,313.0,323.0
684,krns,44.0,313.0,323.0
685,krns,45.0,261.0,292.0
686,krns,46.0,261.0,292.0
687,krns,47.0,261.0,292.0
688,krns,48.0,261.0,292.0
689,krns,49.0,261.0,292.0
690,krns,50.0,239.0,273.0
691,krns,51.0,239.0,273.0
692,krns,52.0,239.0,273.0
693,krns,53.0,239.0,273.0
694,krns,54.0,239.0,273.0
695,krns,55.0,224.0,323.0
696,krns,56.0,224.0,323.0
697,krns,57.0,224.0,323.0
698,krns,58.0,224.0,323.0
699,krns,59.0,224.0,323.0
700,krns,60.0,243.0,399.0
701,krns,61.0,243.0,399.0
702,krns,62.0,243.0,399.0
703,krns,63.0,243.0,399.0
704,krns,64.0,243.0,399.0
705,krns,65.0,189.0,333.0
706,krns,66.0,189.0,333.0
707,krns,67.0,189.0,333.0
708,krns,68.0,189.0,333.0
709,krns,69.0,189.0,333.0
710,krns,70.0,600.0,336.0
711,krns,71.0,600.0,336.0
712,krns,72.0,0.0,336.0
713,krns,73.0,0.0,336.0
714,krns,74.0,0.0,336.0
715,krns,75.0,0.0,336.0
716,krns,76.0,0.0,336.0
717,krns,77.0,0.0,336.0
718,krns,78.0,0.0,336.0
719,krns,79.0,0.0,336.0
720,krt,0.0,295.0,264.0
721,krt,1.0,304.0,322.0
722,krt,2.0,424.0,997.0
723,krt,3.0,469.0,417.0
724,krt,4.0,469.0,417.0
725,krt,5.0,469.0,417.0
726,krt,6.0,482.0,458.0
727,krt,7.0,484.0,477.0
728,krt,8.0,378.0,376.0
729,krt,9.0,378.0,376.0
730,krt,10.0,378.0,376.0
731,krt,11.0,378.0,376.0
732,krt,12.0,378.0,376.0
733,krt,13.0,378.0,376.0
734,krt,14.0,294.0,288.0
735,krt,15.0,294.0,288.0
736,krt,16.0,310.0,264.0
737,krt,17.0,310.0,264.0
738,krt,18.0,268.0,312.0
739,krt,19.0,268.0,312.0
740,krt,20.0,252.0,247.0
741,krt,21.0,252.0,247.0
742,krt,22.0,252.0,247.0
743,krt,23.0,252.0,247.0
744,krt,24.0,252.0,247.0
745,krt,25.0,340.0,302.0
746,krt,26.0,340.0,302.0
747,krt,27.0,340.0,302.0
748,krt,28.0,340.0,302.0
749,krt,29.0,340.0,302.0
750,krt,30.0,755.0,668.0
751,krt,31.0,755.0,668.0
752,krt,32.0,755.0,668.0
753,krt,33.0,755.0,668.0
754,krt,34.0,755.0,668.0
755,krt,35.0,832.0,807.0
756,krt,36.0,832.0,807.0
757,krt,37.0,832.0,807.0
758,krt,38.0,832.0,807.0
759,krt,39.0,832.0,807.0
760,krt,40.0,676.0,638.0
761,krt,41.0,676.0,638.0
762,krt,42.0,676.0,638.0
763,krt,43.0,676.0,638.0
764,krt,44.0,676.0,638.0
765,krt,45.0,542.0,504.0
766,krt,46.0,542.0,504.0
767,krt,47.0,542.0,504.0
768,krt,48.0,542.0,504.0
769,krt,49.0,542.0,504.0
770,krt,50.0,473.0,472.0
771,krt,51.0,473.0,472.0
772,krt,52.0,473.0,472.0
773,krt,53.0,473.0,472.0
774,krt,54.0,473.0,472.0
775,krt,55.0,512.0,649.0
776,krt,56.0,512.0,649.0
777,krt,57.0,512.0,649.0
778,krt,58.0,512.0,649.0
779,krt,59.0,512.0,649.0
780,krt,60.0,596.0,780.0
781,krt,61.0,596.0,780.0
782,krt,62.0,596.0,780.0
783,krt,63.0,596.0,780.0
784,krt,64.0,596.0,780.0
785,krt,65.0,439.0,617.0
786,krt,66.0,439.0,617.0
787,krt,67.0,439.0,617.0
788,krt,68.0,439.0,617.0
789,krt,69.0,439.0,617.0
790,krt,70.0,1698.0,638.0
791,krt,71.0,1698.0,638.0
792,krt,72.0,0.0,638.0
793,krt,73.0,0.0,638.0
794,krt,74.0,0.0,638.0
795,krt,75.0,0.0,638.0
796,krt,76.0,0.0,638.0
797,krt,77.0,0.0,638.0
798,krt,78.0,0.0,638.0
799,krt,79.0,0.0,638.0
800,msk,0.0,1705.0,1635.0
801,msk,1.0,1667.0,1657.0
802,msk,2.0,1874.0,4905.0
803,msk,3.0,1922.0,1795.0
804,msk,4.0,1922.0,1795.0
805,msk,5.0,1922.0,1795.0
806,msk,6.0,2144.0,1963.0
807,msk,7.0,2082.0,1880.0
808,msk,8.0,1766.0,1674.0
809,msk,9.0,1766.0,1674.0
810,msk,10.0,1766.0,1674.0
811,msk,11.0,1766.0,1674.0
812,msk,12.0,1766.0,1674.0
813,msk,13.0,1766.0,1674.0
814,msk,14.0,1332.0,1243.0
815,msk,15.0,1332.0,1243.0
816,msk,16.0,1262.0,1231.0
817,msk,17.0,1262.0,1231.0
818,msk,18.0,1352.0,1444.0
819,msk,19.0,1352.0,1444.0
820,msk,20.0,1575.0,1706.0
821,msk,21.0,1575.0,1706.0
822,msk,22.0,1575.0,1706.0
823,msk,23.0,1575.0,1706.0
824,msk,24.0,1575.0,1706.0
825,msk,25.0,1717.0,2158.0
826,msk,26.0,1717.0,2158.0
827,msk,27.0,1717.0,2158.0
828,msk,28.0,1717.0,2158.0
829,msk,29.0,1717.0,2158.0
830,msk,30.0,3313.0,3853.0
831,msk,31.0,3313.0,3853.0
832,msk,32.0,3313.0,3853.0
833,msk,33.0,3313.0,3853.0
834,msk,34.0,3313.0,3853.0
835,msk,35.0,2795.0,3219.0
836,msk,36.0,2795.0,3219.0
837,msk,37.0,2795.0,3219.0
838,msk,38.0,2795.0,3219.0
839,msk,39.0,2795.0,3219.0
840,msk,40.0,2370.0,2630.0
841,msk,41.0,2370.0,2630.0
842,msk,42.0,2370.0,2630.0
843,msk,43.0,2370.0,2630.0
844,msk,44.0,2370.0,2630.0
845,msk,45.0,1976.0,2372.0
846,msk,46.0,1976.0,2372.0
847,msk,47.0,1976.0,2372.0
848,msk,48.0,1976.0,2372.0
849,msk,49.0,1976.0,2372.0
850,msk,50.0,1811.0,2234.0
851,msk,51.0,1811.0,2234.0
852,msk,52.0,1811.0,2234.0
853,msk,53.0,1811.0,2234.0
854,msk,54.0,1811.0,2234.0
855,msk,55.0,1851.0,2443.0
856,msk,56.0,1851.0,2443.0
857,msk,57.0,1851.0,2443.0
858,msk,58.0,1851.0,2443.0
859,msk,59.0,1851.0,2443.0
860,msk,60.0,1806.0,2778.0
861,msk,61.0,1806.0,2778.0
862,msk,62.0,1806.0,2778.0
863,msk,63.0,1806.0,2778.0
864,msk,64.0,1806.0,2778.0
865,msk,65.0,1389.0,2456.0
866,msk,66.0,1389.0,2456.0
867,msk,67.0,1389.0,2456.0
868,msk,68.0,1389.0,2456.0
869,msk,69.0,1389.0,2456.0
870,msk,70.0,6722.0,3111.0
871,msk,71.0,6722.0,3111.0
872,msk,72.0,0.0,3111.0
873,msk,73.0,0.0,3111.0
874,msk,74.0,0.0,3111.0
875,msk,75.0,0.0,3111.0
876,msk,76.0,0.0,3111.0
877,msk,77.0,0.0,3111.0
878,msk,78.0,0.0,3111.0
879,msk,79.0,0.0,3111.0
880,nvs,0.0,2813.0,2665.0
881,nvs,1.0,3080.0,2866.0
882,nvs,2.0,3047.0,8426.0
883,nvs,3.0,3379.0,3193.0
884,nvs,4.0,3379.0,3193.0
885,nvs,5.0,3379.0,3193.0
886,nvs,6.0,3721.0,3416.0
887,nvs,7.0,3534.0,3344.0
888,nvs,8.0,2903.0,2663.0
889,nvs,9.0,2903.0,2663.0
890,nvs,10.0,2903.0,2663.0
891,nvs,11.0,2903.0,2663.0
892,nvs,12.0,2903.0,2663.0
893,nvs,13.0,2903.0,2663.0
894,nvs,14.0,2134.0,1984.0
895,nvs,15.0,2134.0,1984.0
896,nvs,16.0,2139.0,2064.0
897,nvs,17.0,2139.0,2064.0
898,nvs,18.0,2156.0,2168.0
899,nvs,19.0,2156.0,2168.0
900,nvs,20.0,2003.0,2146.0
901,nvs,21.0,2003.0,2146.0
902,nvs,22.0,2003.0,2146.0
903,nvs,23.0,2003.0,2146.0
904,nvs,24.0,2003.0,2146.0
905,nvs,25.0,2732.0,3028.0
906,nvs,26.0,2732.0,3028.0
907,nvs,27.0,2732.0,3028.0
908,nvs,28.0,2732.0,3028.0
909,nvs,29.0,2732.0,3028.0
910,nvs,30.0,4903.0,5372.0
911,nvs,31.0,4903.0,5372.0
912,nvs,32.0,4903.0,5372.0
913,nvs,33.0,4903.0,5372.0
914,nvs,34.0,4903.0,5372.0
915,nvs,35.0,5353.0,5632.0
916,nvs,36.0,5353.0,5632.0
917,nvs,37.0,5353.0,5632.0
918,nvs,38.0,5353.0,5632.0
919,nvs,39.0,5353.0,5632.0
920,nvs,40.0,4236.0,4509.0
921,nvs,41.0,4236.0,4509.0
922,nvs,42.0,4236.0,4509.0
923,nvs,43.0,4236.0,4509.0
924,nvs,44.0,4236.0,4509.0
925,nvs,45.0,3468.0,3875.0
926,nvs,46.0,3468.0,3875.0
927,nvs,47.0,3468.0,3875.0
928,nvs,48.0,3468.0,3875.0
929,nvs,49.0,3468.0,3875.0
930,nvs,50.0,2990.0,3619.0
931,nvs,51.0,2990.0,3619.0
932,nvs,52.0,2990.0,3619.0
933,nvs,53.0,2990.0,3619.0
934,nvs,54.0,2990.0,3619.0
935,nvs,55.0,2964.0,4105.0
936,nvs,56.0,2964.0,4105.0
937,nvs,57.0,2964.0,4105.0
938,nvs,58.0,2964.0,4105.0
939,nvs,59.0,2964.0,4105.0
940,nvs,60.0,3090.0,4780.0
941,nvs,61.0,3090.0,4780.0
942,nvs,62.0,3090.0,4780.0
943,nvs,63.0,3090.0,4780.0
944,nvs,64.0,3090.0,4780.0
945,nvs,65.0,2245.0,4154.0
946,nvs,66.0,2245.0,4154.0
947,nvs,67.0,2245.0,4154.0
948,nvs,68.0,2245.0,4154.0
949,nvs,69.0,2245.0,4154.0
950,nvs,70.0,7631.0,3936.0
951,nvs,71.0,7631.0,3936.0
952,nvs,72.0,0.0,3936.0
953,nvs,73.0,0.0,3936.0
954,nvs,74.0,0.0,3936.0
955,nvs,75.0,0.0,3936.0
956,nvs,76.0,0.0,3936.0
957,nvs,77.0,0.0,3936.0
958,nvs,78.0,0.0,3936.0
959,nvs,79.0,0.0,3936.0
960,pgr,0.0,532.0,525.0
961,pgr,1.0,548.0,565.0
962,pgr,2.0,612.0,1679.0
963,pgr,3.0,655.0,642.0
964,pgr,4.0,655.0,642.0
965,pgr,5.0,655.0,642.0
966,pgr,6.0,750.0,670.0
967,pgr,7.0,625.0,628.0
968,pgr,8.0,460.0,435.0
969,pgr,9.0,460.0,435.0
970,pgr,10.0,460.0,435.0
971,pgr,11.0,460.0,435.0
972,pgr,12.0,460.0,435.0
973,pgr,13.0,460.0,435.0
974,pgr,14.0,404.0,375.0
975,pgr,15.0,404.0,375.0
976,pgr,16.0,422.0,399.0
977,pgr,17.0,422.0,399.0
978,pgr,18.0,502.0,560.0
979,pgr,19.0,502.0,560.0
980,pgr,20.0,511.0,526.0
981,pgr,21.0,511.0,526.0
982,pgr,22.0,511.0,526.0
983,pgr,23.0,511.0,526.0
984,pgr,24.0,511.0,526.0
985,pgr,25.0,754.0,677.0
986,pgr,26.0,754.0,677.0
987,pgr,27.0,754.0,677.0
988,pgr,28.0,754.0,677.0
989,pgr,29.0,754.0,677.0
990,pgr,30.0,1511.0,1338.0
991,pgr,31.0,1511.0,1338.0
992,pgr,32.0,1511.0,1338.0
993,pgr,33.0,1511.0,1338.0
994,pgr,34.0,1511.0,1338.0
995,pgr,35.0,1043.0,1127.0
996,pgr,36.0,1043.0,1127.0
997,pgr,37.0,1043.0,1127.0
998,pgr,38.0,1043.0,1127.0
999,pgr,39.0,1043.0,1127.0
1000,pgr,40.0,851.0,958.0
1001,pgr,41.0,851.0,958.0
1002,pgr,42.0,851.0,958.0
1003,pgr,43.0,851.0,958.0
1004,pgr,44.0,851.0,958.0
1005,pgr,45.0,734.0,887.0
1006,pgr,46.0,734.0,887.0
1007,pgr,47.0,734.0,887.0
1008,pgr,48.0,734.0,887.0
1009,pgr,49.0,734.0,887.0
1010,pgr,50.0,740.0,933.0
1011,pgr,51.0,740.0,933.0
1012,pgr,52.0,740.0,933.0
1013,pgr,53.0,740.0,933.0
1014,pgr,54.0,740.0,933.0
1015,pgr,55.0,742.0,947.0
1016,pgr,56.0,742.0,947.0
1017,pgr,57.0,742.0,947.0
1018,pgr,58.0,742.0,947.0
1019,pgr,59.0,742.0,947.0
1020,pgr,60.0,726.0,992.0
1021,pgr,61.0,726.0,992.0
1022,pgr,62.0,726.0,992.0
1023,pgr,63.0,726.0,992.0
1024,pgr,64.0,726.0,992.0
1025,pgr,65.0,525.0,839.0
1026,pgr,66.0,525.0,839.0
1027,pgr,67.0,525.0,839.0
1028,pgr,68.0,525.0,839.0
1029,pgr,69.0,525.0,839.0
1030,pgr,70.0,2990.0,1072.0
1031,pgr,71.0,2990.0,1072.0
1032,pgr,72.0,0.0,1072.0
1033,pgr,73.0,0.0,1072.0
1034,pgr,74.0,0.0,1072.0
1035,pgr,75.0,0.0,1072.0
1036,pgr,76.0,0.0,1072.0
1037,pgr,77.0,0.0,1072.0
1038,pgr,78.0,0.0,1072.0
1039,pgr,79.0,0.0,1072.0
1040,pdr,0.0,622.0,524.0
1041,pdr,1.0,598.0,576.0
1042,pdr,2.0,767.0,1793.0
1043,pdr,3.0,792.0,725.0
1044,pdr,4.0,792.0,725.0
1045,pdr,5.0,792.0,725.0
1046,pdr,6.0,777.0,779.0
1047,pdr,7.0,790.0,759.0
1048,pdr,8.0,678.0,627.0
1049,pdr,9.0,678.0,627.0
1050,pdr,10.0,678.0,627.0
1051,pdr,11.0,678.0,627.0
1052,pdr,12.0,678.0,627.0
1053,pdr,13.0,678.0,627.0
1054,pdr,14.0,582.0,548.0
1055,pdr,15.0,582.0,548.0
1056,pdr,16.0,635.0,598.0
1057,pdr,17.0,635.0,598.0
1058,pdr,18.0,1033.0,1113.0
1059,pdr,19.0,1033.0,1113.0
1060,pdr,20.0,775.0,880.0
1061,pdr,21.0,775.0,880.0
1062,pdr,22.0,775.0,880.0
1063,pdr,23.0,775.0,880.0
1064,pdr,24.0,775.0,880.0
1065,pdr,25.0,875.0,762.0
1066,pdr,26.0,875.0,762.0
1067,pdr,27.0,875.0,762.0
1068,pdr,28.0,875.0,762.0
1069,pdr,29.0,875.0,762.0
1070,pdr,30.0,1891.0,1345.0
1071,pdr,31.0,1891.0,1345.0
1072,pdr,32.0,1891.0,1345.0
1073,pdr,33.0,1891.0,1345.0
1074,pdr,34.0,1891.0,1345.0
1075,pdr,35.0,1194.0,1200.0
1076,pdr,36.0,1194.0,1200.0
1077,pdr,37.0,1194.0,1200.0
1078,pdr,38.0,1194.0,1200.0
1079,pdr,39.0,1194.0,1200.0
1080,pdr,40.0,998.0,1102.0
1081,pdr,41.0,998.0,1102.0
1082,pdr,42.0,998.0,1102.0
1083,pdr,43.0,998.0,1102.0
1084,pdr,44.0,998.0,1102.0
1085,pdr,45.0,897.0,981.0
1086,pdr,46.0,897.0,981.0
1087,pdr,47.0,897.0,981.0
1088,pdr,48.0,897.0,981.0
1089,pdr,49.0,897.0,981.0
1090,pdr,50.0,783.0,894.0
1091,pdr,51.0,783.0,894.0
1092,pdr,52.0,783.0,894.0
1093,pdr,53.0,783.0,894.0
1094,pdr,54.0,783.0,894.0
1095,pdr,55.0,746.0,934.0
1096,pdr,56.0,746.0,934.0
1097,pdr,57.0,746.0,934.0
1098,pdr,58.0,746.0,934.0
1099,pdr,59.0,746.0,934.0
1100,pdr,60.0,741.0,1108.0
1101,pdr,61.0,741.0,1108.0
1102,pdr,62.0,741.0,1108.0
1103,pdr,63.0,741.0,1108.0
1104,pdr,64.0,741.0,1108.0
1105,pdr,65.0,605.0,1009.0
1106,pdr,66.0,605.0,1009.0
1107,pdr,67.0,605.0,1009.0
1108,pdr,68.0,605.0,1009.0
1109,pdr,69.0,605.0,1009.0
1110,pdr,70.0,2426.0,1065.0
1111,pdr,71.0,2426.0,1065.0
1112,pdr,72.0,0.0,1065.0
1113,pdr,73.0,0.0,1065.0
1114,pdr,74.0,0.0,1065.0
1115,pdr,75.0,0.0,1065.0
1116,pdr,76.0,0.0,1065.0
1117,pdr,77.0,0.0,1065.0
1118,pdr,78.0,0.0,1065.0
1119,pdr,79.0,0.0,1065.0
1120,prm,0.0,3265.0,3080.0
1121,prm,1.0,3329.0,3183.0
1122,prm,2.0,3471.0,9569.0
1123,prm,3.0,4017.0,3792.0
1124,prm,4.0,4017.0,3792.0
1125,prm,5.0,4017.0,3792.0
1126,prm,6.0,4214.0,3904.0
1127,prm,7.0,3788.0,3688.0
1128,prm,8.0,2859.0,2632.0
1129,prm,9.0,2859.0,2632.0
1130,prm,10.0,2859.0,2632.0
1131,prm,11.0,2859.0,2632.0
1132,prm,12.0,2859.0,2632.0
1133,prm,13.0,2859.0,2632.0
1134,prm,14.0,1976.0,1916.0
1135,prm,15.0,1976.0,1916.0
1136,prm,16.0,1928.0,1891.0
1137,prm,17.0,1928.0,1891.0
1138,prm,18.0,2022.0,2167.0
1139,prm,19.0,2022.0,2167.0
1140,prm,20.0,1955.0,2081.0
1141,prm,21.0,1955.0,2081.0
1142,prm,22.0,1955.0,2081.0
1143,prm,23.0,1955.0,2081.0
1144,prm,24.0,1955.0,2081.0
1145,prm,25.0,2463.0,2854.0
1146,prm,26.0,2463.0,2854.0
1147,prm,27.0,2463.0,2854.0
1148,prm,28.0,2463.0,2854.0
1149,prm,29.0,2463.0,2854.0
1150,prm,30.0,5420.0,5674.0
1151,prm,31.0,5420.0,5674.0
1152,prm,32.0,5420.0,5674.0
1153,prm,33.0,5420.0,5674.0
1154,prm,34.0,5420.0,5674.0
1155,prm,35.0,6088.0,6452.0
1156,prm,36.0,6088.0,6452.0
1157,prm,37.0,6088.0,6452.0
1158,prm,38.0,6088.0,6452.0
1159,prm,39.0,6088.0,6452.0
1160,prm,40.0,4936.0,5074.0
1161,prm,41.0,4936.0,5074.0
1162,prm,42.0,4936.0,5074.0
1163,prm,43.0,4936.0,5074.0
1164,prm,44.0,4936.0,5074.0
1165,prm,45.0,3922.0,4057.0
1166,prm,46.0,3922.0,4057.0
1167,prm,47.0,3922.0,4057.0
1168,prm,48.0,3922.0,4057.0
1169,prm,49.0,3922.0,4057.0
1170,prm,50.0,3273.0,3501.0
1171,prm,51.0,3273.0,3501.0
1172,prm,52.0,3273.0,3501.0
1173,prm,53.0,3273.0,3501.0
1174,prm,54.0,3273.0,3501.0
1175,prm,55.0,3165.0,4152.0
1176,prm,56.0,3165.0,4152.0
1177,prm,57.0,3165.0,4152.0
1178,prm,58.0,3165.0,4152.0
1179,prm,59.0,3165.0,4152.0
1180,prm,60.0,3683.0,5294.0
1181,prm,61.0,3683.0,5294.0
1182,prm,62.0,3683.0,5294.0
1183,prm,63.0,3683.0,5294.0
1184,prm,64.0,3683.0,5294.0
1185,prm,65.0,2766.0,4530.0
1186,prm,66.0,2766.0,4530.0
1187,prm,67.0,2766.0,4530.0
1188,prm,68.0,2766.0,4530.0
1189,prm,69.0,2766.0,4530.0
1190,prm,70.0,10472.0,4250.0
1191,prm,71.0,10472.0,4250.0
1192,prm,72.0,0.0,4250.0
1193,prm,73.0,0.0,4250.0
1194,prm,74.0,0.0,4250.0
1195,prm,75.0,0.0,4250.0
1196,prm,76.0,0.0,4250.0
1197,prm,77.0,0.0,4250.0
1198,prm,78.0,0.0,4250.0
1199,prm,79.0,0.0,4250.0
1200,psk,0.0,1393.0,1334.0
1201,psk,1.0,1388.0,1346.0
1202,psk,2.0,1621.0,4179.0
1203,psk,3.0,1917.0,1822.0
1204,psk,4.0,1917.0,1822.0
1205,psk,5.0,1917.0,1822.0
1206,psk,6.0,1899.0,1727.0
1207,psk,7.0,1718.0,1628.0
1208,psk,8.0,1527.0,1460.0
1209,psk,9.0,1527.0,1460.0
1210,psk,10.0,1527.0,1460.0
1211,psk,11.0,1527.0,1460.0
1212,psk,12.0,1527.0,1460.0
1213,psk,13.0,1527.0,1460.0
1214,psk,14.0,1156.0,1102.0
1215,psk,15.0,1156.0,1102.0
1216,psk,16.0,1184.0,1128.0
1217,psk,17.0,1184.0,1128.0
1218,psk,18.0,1199.0,1393.0
1219,psk,19.0,1199.0,1393.0
1220,psk,20.0,1102.0,1184.0
1221,psk,21.0,1102.0,1184.0
1222,psk,22.0,1102.0,1184.0
1223,psk,23.0,1102.0,1184.0
1224,psk,24.0,1102.0,1184.0
1225,psk,25.0,1175.0,1224.0
1226,psk,26.0,1175.0,1224.0
1227,psk,27.0,1175.0,1224.0
1228,psk,28.0,1175.0,1224.0
1229,psk,29.0,1175.0,1224.0
1230,psk,30.0,2164.0,2215.0
1231,psk,31.0,2164.0,2215.0
1232,psk,32.0,2164.0,2215.0
1233,psk,33.0,2164.0,2215.0
1234,psk,34.0,2164.0,2215.0
1235,psk,35.0,1941.0,2209.0
1236,psk,36.0,1941.0,2209.0
1237,psk,37.0,1941.0,2209.0
1238,psk,38.0,1941.0,2209.0
1239,psk,39.0,1941.0,2209.0
1240,psk,40.0,1814.0,1961.0
1241,psk,41.0,1814.0,1961.0
1242,psk,42.0,1814.0,1961.0
1243,psk,43.0,1814.0,1961.0
1244,psk,44.0,1814.0,1961.0
1245,psk,45.0,1593.0,1711.0
1246,psk,46.0,1593.0,1711.0
1247,psk,47.0,1593.0,1711.0
1248,psk,48.0,1593.0,1711.0
1249,psk,49.0,1593.0,1711.0
1250,psk,50.0,1454.0,1515.0
1251,psk,51.0,1454.0,1515.0
1252,psk,52.0,1454.0,1515.0
1253,psk,53.0,1454.0,1515.0
1254,psk,54.0,1454.0,1515.0
1255,psk,55.0,1240.0,1542.0
1256,psk,56.0,1240.0,1542.0
1257,psk,57.0,1240.0,1542.0
1258,psk,58.0,1240.0,1542.0
1259,psk,59.0,1240.0,1542.0
1260,psk,60.0,1169.0,1699.0
1261,psk,61.0,1169.0,1699.0
1262,psk,62.0,1169.0,1699.0
1263,psk,63.0,1169.0,1699.0
1264,psk,64.0,1169.0,1699.0
1265,psk,65.0,789.0,1402.0
1266,psk,66.0,789.0,1402.0
1267,psk,67.0,789.0,1402.0
1268,psk,68.0,789.0,1402.0
1269,psk,69.0,789.0,1402.0
1270,psk,70.0,2860.0,1361.0
1271,psk,71.0,2860.0,1361.0
1272,psk,72.0,0.0,1361.0
1273,psk,73.0,0.0,1361.0
1274,psk,74.0,0.0,1361.0
1275,psk,75.0,0.0,1361.0
1276,psk,76.0,0.0,1361.0
1277,psk,77.0,0.0,1361.0
1278,psk,78.0,0.0,1361.0
1279,psk,79.0,0.0,1361.0
1280,frz,0.0,1716.0,1681.0
1281,frz,1.0,1885.0,1763.0
1282,frz,2.0,2073.0,5313.0
1283,frz,3.0,2220.0,2059.0
1284,frz,4.0,2220.0,2059.0
1285,frz,5.0,2220.0,2059.0
1286,frz,6.0,2385.0,2221.0
1287,frz,7.0,2381.0,2196.0
1288,frz,8.0,1848.0,1734.0
1289,frz,9.0,1848.0,1734.0
1290,frz,10.0,1848.0,1734.0
1291,frz,11.0,1848.0,1734.0
1292,frz,12.0,1848.0,1734.0
1293,frz,13.0,1848.0,1734.0
1294,frz,14.0,1468.0,1351.0
1295,frz,15.0,1468.0,1351.0
1296,frz,16.0,1463.0,1444.0
1297,frz,17.0,1463.0,1444.0
1298,frz,18.0,1440.0,1530.0
1299,frz,19.0,1440.0,1530.0
1300,frz,20.0,1347.0,1413.0
1301,frz,21.0,1347.0,1413.0
1302,frz,22.0,1347.0,1413.0
1303,frz,23.0,1347.0,1413.0
1304,frz,24.0,1347.0,1413.0
1305,frz,25.0,1808.0,1993.0
1306,frz,26.0,1808.0,1993.0
1307,frz,27.0,1808.0,1993.0
1308,frz,28.0,1808.0,1993.0
1309,frz,29.0,1808.0,1993.0
1310,frz,30.0,3283.0,3397.0
1311,frz,31.0,3283.0,3397.0
1312,frz,32.0,3283.0,3397.0
1313,frz,33.0,3283.0,3397.0
1314,frz,34.0,3283.0,3397.0
1315,frz,35.0,3129.0,3328.0
1316,frz,36.0,3129.0,3328.0
1317,frz,37.0,3129.0,3328.0
1318,frz,38.0,3129.0,3328.0
1319,frz,39.0,3129.0,3328.0
1320,frz,40.0,2882.0,3092.0
1321,frz,41.0,2882.0,3092.0
1322,frz,42.0,2882.0,3092.0
1323,frz,43.0,2882.0,3092.0
1324,frz,44.0,2882.0,3092.0
1325,frz,45.0,2779.0,3098.0
1326,frz,46.0,2779.0,3098.0
1327,frz,47.0,2779.0,3098.0
1328,frz,48.0,2779.0,3098.0
1329,frz,49.0,2779.0,3098.0
1330,frz,50.0,2449.0,2918.0
1331,frz,51.0,2449.0,2918.0
1332,frz,52.0,2449.0,2918.0
1333,frz,53.0,2449.0,2918.0
1334,frz,54.0,2449.0,2918.0
1335,frz,55.0,2211.0,2860.0
1336,frz,56.0,2211.0,2860.0
1337,frz,57.0,2211.0,2860.0
1338,frz,58.0,2211.0,2860.0
1339,frz,59.0,2211.0,2860.0
1340,frz,60.0,2148.0,3166.0
1341,frz,61.0,2148.0,3166.0
1342,frz,62.0,2148.0,3166.0
1343,frz,63.0,2148.0,3166.0
1344,frz,64.0,2148.0,3166.0
1345,frz,65.0,1624.0,3003.0
1346,frz,66.0,1624.0,3003.0
1347,frz,67.0,1624.0,3003.0
1348,frz,68.0,1624.0,3003.0
1349,frz,69.0,1624.0,3003.0
1350,frz,70.0,7518.0,3723.0
1351,frz,71.0,7518.0,3723.0
1352,frz,72.0,0.0,3723.0
1353,frz,73.0,0.0,3723.0
1354,frz,74.0,0.0,3723.0
1355,frz,75.0,0.0,3723.0
1356,frz,76.0,0.0,3723.0
1357,frz,77.0,0.0,3723.0
1358,frz,78.0,0.0,3723.0
1359,frz,79.0,0.0,3723.0
1360,ctr,0.0,743.0,730.0
1361,ctr,1.0,904.0,779.0
1362,ctr,2.0,952.0,2343.0
1363,ctr,3.0,843.0,786.0
1364,ctr,4.0,843.0,786.0
1365,ctr,5.0,843.0,786.0
1366,ctr,6.0,1060.0,1025.0
1367,ctr,7.0,1111.0,992.0
1368,ctr,8.0,1012.0,946.0
1369,ctr,9.0,1012.0,946.0
1370,ctr,10.0,1012.0,946.0
1371,ctr,11.0,1012.0,946.0
1372,ctr,12.0,1012.0,946.0
1373,ctr,13.0,1012.0,946.0
1374,ctr,14.0,753.0,762.0
1375,ctr,15.0,753.0,762.0
1376,ctr,16.0,766.0,753.0
1377,ctr,17.0,766.0,753.0
1378,ctr,18.0,742.0,756.0
1379,ctr,19.0,742.0,756.0
1380,ctr,20.0,729.0,760.0
1381,ctr,21.0,729.0,760.0
1382,ctr,22.0,729.0,760.0
1383,ctr,23.0,729.0,760.0
1384,ctr,24.0,729.0,760.0
1385,ctr,25.0,1040.0,1034.0
1386,ctr,26.0,1040.0,1034.0
1387,ctr,27.0,1040.0,1034.0
1388,ctr,28.0,1040.0,1034.0
1389,ctr,29.0,1040.0,1034.0
1390,ctr,30.0,2187.0,1894.0
1391,ctr,31.0,2187.0,1894.0
1392,ctr,32.0,2187.0,1894.0
1393,ctr,33.0,2187.0,1894.0
1394,ctr,34.0,2187.0,1894.0
1395,ctr,35.0,1835.0,2037.0
1396,ctr,36.0,1835.0,2037.0
1397,ctr,37.0,1835.0,2037.0
1398,ctr,38.0,1835.0,2037.0
1399,ctr,39.0,1835.0,2037.0
1400,ctr,40.0,1492.0,1673.0
1401,ctr,41.0,1492.0,1673.0
1402,ctr,42.0,1492.0,1673.0
1403,ctr,43.0,1492.0,1673.0
1404,ctr,44.0,1492.0,1673.0
1405,ctr,45.0,1350.0,1571.0
1406,ctr,46.0,1350.0,1571.0
1407,ctr,47.0,1350.0,1571.0
1408,ctr,48.0,1350.0,1571.0
1409,ctr,49.0,1350.0,1571.0
1410,ctr,50.0,1235.0,1561.0
1411,ctr,51.0,1235.0,1561.0
1412,ctr,52.0,1235.0,1561.0
1413,ctr,53.0,1235.0,1561.0
1414,ctr,54.0,1235.0,1561.0
1415,ctr,55.0,1298.0,1686.0
1416,ctr,56.0,1298.0,1686.0
1417,ctr,57.0,1298.0,1686.0
1418,ctr,58.0,1298.0,1686.0
1419,ctr,59.0,1298.0,1686.0
1420,ctr,60.0,1257.0,1872.0
1421,ctr,61.0,1257.0,1872.0
1422,ctr,62.0,1257.0,1872.0
1423,ctr,63.0,1257.0,1872.0
1424,ctr,64.0,1257.0,1872.0
1425,ctr,65.0,963.0,1656.0
1426,ctr,66.0,963.0,1656.0
1427,ctr,67.0,963.0,1656.0
1428,ctr,68.0,963.0,1656.0
1429,ctr,69.0,963.0,1656.0
1430,ctr,70.0,4406.0,1787.0
1431,ctr,71.0,4406.0,1787.0
1432,ctr,72.0,0.0,1787.0
1433,ctr,73.0,0.0,1787.0
1434,ctr,74.0,0.0,1787.0
1435,ctr,75.0,0.0,1787.0
1436,ctr,76.0,0.0,1787.0
1437,ctr,77.0,0.0,1787.0
1438,ctr,78.0,0.0,1787.0
1439,ctr,79.0,0.0,1787.0
